Dealer,Invoice No,Date,Product,Batch,Expiry,HSN,MRP,Rate,Qty,Amount
S.S.B. Pharmaceutical,S000092,4/12/2026,Mezolam 5ML,V304583,27-Feb,30049099,31.03,23.81,5,119.05
S.S.B. Pharmaceutical,S000092,4/12/2026,Termin 10ML,V307271,28-Nov,30041020,390.4,304.76,5,1523.8
S.S.B. Pharmaceutical,S000092,4/12/2026,Pyrolate,KP1254170,28-Sep,30049074,15.37,11.24,5,56.2
S.S.B. Pharmaceutical,S000092,4/12/2026,Tetanus Toxid 5ML (Dano),2531V,28-Aug,30022016,27.27,24.86,5,124.3
S.S.B. Pharmaceutical,S000092,4/12/2026,Formaline 450ML,34,,12119099,90,42.37,2,84.74
S.S.B. Pharmaceutical,S000092,4/12/2026,Artacil 25 MG,1303350,27-Jun,30042031,45.3,36.19,5,180.95
S.S.B. Pharmaceutical,S000092,4/12/2026,Anawin Heavy 4ML,KP1713909,27-Nov,30039034,31.47,24.76,5,123.8
S.S.B. Pharmaceutical,S000092,4/12/2026,Feedy 6FR,G24G011261,29-Jun,90192090,57.19,11.43,9,102.87
S.S.B. Pharmaceutical,S000092,4/12/2026,Feedy 6FR,G25B010948,30-Jan,90192090,60,11.43,1,11.43
S.S.B. Pharmaceutical,S000092,4/12/2026,Spinocan Needle 25G,24G21G8220,29-Jul,9018,153,74.29,5,371.45
S.S.B. Pharmaceutical,S000092,4/12/2026,Kenadion 1MG,IPMDA2415A,26-Oct,30049015,17.58,11.9,5,59.5
S.S.B. Pharmaceutical,S000092,4/12/2026,Kenadion 10MG,IPMDBK504,27-Jun,30049011,56.68,38.1,5,190.5
S.S.B. Pharmaceutical,S000092,4/12/2026,Dispo Niddle 24G,48522R,30-Oct,90183990,266,76.19,1,76.19
S.S.B. Pharmaceutical,S000092,4/12/2026,Pause Ing 5ML,ELF8AT4013,27-Aug,30043110,71.97,47.62,5,238.1
S.S.B. Pharmaceutical,S000092,4/12/2026,Dispo Niddle 26G,06542R,30-Jan,30041020,243.75,80.95,1,80.95
S.S.B. Pharmaceutical,S000135,4/18/2026,MEM Inj,39255,27-Apr,30041060,15.9,11.71,5,58.55
S.S.B. Pharmaceutical,S000135,4/18/2026,Justin AQ Inj,BDW20A1A,27-Aug,30042031,23.8,8.57,5,42.85
S.S.B. Pharmaceutical,S000135,4/18/2026,Lablol Inj,388090,27-Jan,30049074,209.53,76.19,6,457.14
S.S.B. Pharmaceutical,S000135,4/18/2026,Vanking 500MG,345204,27-Jan,30042096,333.4,100,5,500
S.S.B. Pharmaceutical,S000135,4/18/2026,Neovac,386427,27-Jul,3004,124.85,100,2,200
S.S.B. Pharmaceutical,S000135,4/18/2026,Supridol 50MG,KP1287040,27-Sep,30049099,12.56,4.76,10,47.6
S.S.B. Pharmaceutical,S000135,4/18/2026,Nachpin Inj 10MG/1ML,1238074,26-Oct,3004,64.51,49.52,5,247.6
S.S.B. Pharmaceutical,S000135,4/18/2026,Sodac,UN1072042,27-Jun,30042095,35.75,26.67,5,133.35
S.S.B. Pharmaceutical,S000135,4/18/2026,BT Set Romson,G26A020435,30-Dec,90183990,208,17.14,5,85.7
S.S.B. Pharmaceutical,S000135,4/18/2026,Haemaccel Inj,HMA25032,28-Mar,30041020,579.58,441.58,3,1324.74
S.S.B. Pharmaceutical,S000135,4/18/2026,BD Syringe 2ML,4302418,29-Oct,30041020,0,3.81,10,38.1
S.S.B. Pharmaceutical,S000135,4/18/2026,3336 TFP/76 CM,C250693,30-Oct,30041050,277,49.52,5,247.6
S.S.B. Pharmaceutical,S000135,4/18/2026,9133H,TLMBBD,28-Sep,90192090,907.5,571.43,5,2857.15
S.S.B. Pharmaceutical,S000135,4/18/2026,9237P,T3004,28-Apr,90192090,931.88,571.43,5,2857.15
S.S.B. Pharmaceutical,S000135,4/18/2026,822 Aqsilk Reels,SR220502,27-Apr,30061010,684,190.48,5,952.4
S.S.B. Pharmaceutical,S000135,4/18/2026,823 (AQME),SR240101,29-Dec,30061010,752,238.1,4,952.4
S.S.B. Pharmaceutical,S000135,4/18/2026,823 (AQME),SR231001,28-Sep,30061010,730,238.1,1,238.1
S.S.B. Pharmaceutical,S000135,4/18/2026,843/70CM PCS,250089,Feb-30,30049095,448.13,142.86,5,714.3
S.S.B. Pharmaceutical,S000135,4/18/2026,NS 300ML (BSKRPL),SIL5I513,27-Jul,30049088,698.44,133.33,5,666.65
S.S.B. Pharmaceutical,S000135,4/18/2026,Iofluid 300ML (KRPL),LIP49001,26-Sep,30041030,514.6,95.24,5,476.2
S.S.B. Pharmaceutical,S000135,4/18/2026,Ifomol IV 100ML,3837955,27-Aug,30049047,538,42.86,5,214.3
S.S.B. Pharmaceutical,S000135,4/18/2026,Cort5,V4471731,27-Nov,30041050,47.7,19.05,5,95.25
S.S.B. Pharmaceutical,S000135,4/18/2026,Xone 1G Inj,25181037,28-Oct,30041020,66.64,25.71,5,128.55
S.S.B. Pharmaceutical,S000135,4/18/2026,Pandiff-IV,AQU0028,27-Mar,30041060,53.89,14.29,5,71.45
S.S.B. Pharmaceutical,S000135,4/18/2026,Rantac Inj 2ML,XIR225024,27-Jun,3004,7.48,4.29,10,42.9
S.S.B. Pharmaceutical,S000135,4/18/2026,Reorof 10ML,NA338066,27-Sep,30039034,69.1,42.86,4,171.44
S.S.B. Pharmaceutical,S000135,4/18/2026,Ondem Inj,OND25321SR,27-Oct,30041030,12.72,9.7,5,48.5
S.S.B. Pharmaceutical,S000135,4/18/2026,Artacil 25 MG,130334,27-Mar,30042031,45.33,36.19,5,180.95
S.S.B. Pharmaceutical,S000135,4/18/2026,Genticyn 80Inj,NCLU0132,27-May,30022031,10.35,7.89,5,39.45
S.S.B. Pharmaceutical,S000135,4/18/2026,Sucol,248220,26-Dec,3004,53.64,43.81,5,219.05
S.S.B. Pharmaceutical,S000135,4/18/2026,Avil Inj 1ML Vial,12212S106,28-Jul,30041020,22.01,17.61,5,88.05
S.S.B. Pharmaceutical,S000135,4/18/2026,Vasocon 1ML,K78S428,26-Oct,30049081,32.9,10,5,50
S.S.B. Pharmaceutical,S000135,4/18/2026,Nitro Plus 25,1431160,27-May,30042033,24.76,10.5,5,52.5
S.S.B. Pharmaceutical,S000135,4/18/2026,Phenergam 2ML,NCLU0230,28-Sep,30039090,16.72,12.74,5,63.7
S.S.B. Pharmaceutical,S000135,4/18/2026,Dexona Inj 2ML,VB00005A,27-Jun,3004,10.87,8.28,8,66.24
S.S.B. Pharmaceutical,S000135,4/18/2026,Magneon 2ML,SM570008,27-Oct,30049094,10.36,8.57,5,42.85
S.S.B. Pharmaceutical,S000135,4/18/2026,AM 841 Aqlene 2/0,DPP250801,30-Jul,9619,452,142.86,5,714.3
S.S.B. Pharmaceutical,S000135,4/18/2026,AM 825,PP250712,30-Jun,30061010,431.25,142.86,5,714.3
S.S.B. Pharmaceutical,S000135,4/18/2026,AM 3328 3/0 Monofilament,DPA250908,30-Aug,9018,245,42.86,5,214.3
S.S.B. Pharmaceutical,S000135,4/18/2026,2346 Petcryl Size-1/0,23S1698,27-Jul,30041020,585.94,123.81,3,371.43
S.S.B. Pharmaceutical,S000135,4/18/2026,4241 Progut Atraumatic 2/0,24S2160,28-Sep,90183990,186.56,57.14,5,285.7
S.S.B. Pharmaceutical,S000293,5/6/2026,Xone 1G Inj,25181037,28-Oct,30041020,66.64,25.71,25,642.75
S.S.B. Pharmaceutical,S000293,5/6/2026,Pipzo 4.5GM Injection (Vial),26440020,27-Dec,30041020,326.22,95.24,10,952.4
S.S.B. Pharmaceutical,S000293,5/6/2026,BD Syringe 5ML,5122576,30-Apr,30041020,19,3.62,25,90.5
S.S.B. Pharmaceutical,S000293,5/6/2026,Romojet Syringe 10ML,G25L020136,30-Nov,30039090,44.06,7.14,25,178.5
S.S.B. Pharmaceutical,S000293,5/6/2026,Easy Fix,EFME04-112,27-Oct,30049011,80.6,42.86,10,214.3
S.S.B. Pharmaceutical,S000293,5/6/2026,Neomiz,AUM18ABA,27-Nov,30041020,10.36,8.57,5,85.7
S.S.B. Pharmaceutical,S000293,5/6/2026,Magneon 2ML,SM570008,27-Oct,30041030,12.72,9.7,10,48.5
S.S.B. Pharmaceutical,S000293,5/6/2026,Ondem Inj,OND25231SR,27-Oct,30049099,12.56,4.76,10,71.4
S.S.B. Pharmaceutical,S000293,5/6/2026,Supridol 50MG,KP1287040,27-Sep,30049099,318.56,80.95,15,404.75
S.S.B. Pharmaceutical,S000293,5/6/2026,Carboprost 250 MG,97124,27-Apr,30041020,32.6,24.58,5,122.9
S.S.B. Pharmaceutical,S000293,5/6/2026,Epidosin Inj,PIGAM215,27-Oct,30049011,198,7.14,5,35.7
S.S.B. Pharmaceutical,S000293,5/6/2026,Kitkath 18G IV Cannula,443736,30-Jan,90183990,198,7.14,5,35.7
S.S.B. Pharmaceutical,S000293,5/6/2026,Kitkath 20G IV Cannula,42834G,29-Jun,30041020,,7.14,5,35.7
S.S.B. Pharmaceutical,S000399,5/18/2026,Rantac Inj 2ML,XIR225047,27-Nov,3004,7.48,4.29,15,64.35
S.S.B. Pharmaceutical,S000399,5/18/2026,Phenergan 2ML Inj,NCL0230,28-Sep,30039090,16.72,12.74,10,127.4
S.S.B. Pharmaceutical,S000399,5/18/2026,Ondem Inj,OND25321SR,27-Oct,30041030,12.72,9.7,20,97
S.S.B. Pharmaceutical,S000399,5/18/2026,Justin Inj,KM267092,27-Dec,30049069,5.41,4.29,15,64.35
S.S.B. Pharmaceutical,S000399,5/18/2026,Avil Inj,112125045,28-Jul,30049011,5.86,4.69,17,79.73
S.S.B. Pharmaceutical,S000399,5/18/2026,Avil Inj,2125035,28-Feb,30049011,5.78,4.62,3,13.86
S.S.B. Pharmaceutical,S000399,5/18/2026,Kitkath 20G IV Cannula,42834G,29-Jun,30041020,198,7.14,20,142.8
S.S.B. Pharmaceutical,S000399,5/18/2026,Romojet Syringe 2ML,G25I020348,30-Aug,30045036,10.2,2,20,40
S.S.B. Pharmaceutical,S000399,5/18/2026,Anemol 100ML IV,TH26023200,28-Jan,30049099,595.61,33.33,20,666.6
S.S.B. Pharmaceutical,S000400,5/18/2026,Tropine 1ML,SM038133,27-Jun,30049043,7.3,5.71,20,114.2
S.S.B. Pharmaceutical,S000400,5/18/2026,Kitkath 18G IV Cannula,443736,30-Jan,90183990,198,7.14,20,142.8
S.S.B. Pharmaceutical,S000400,5/18/2026,Kitkath 20G IV Cannula,42834G,29-Jun,30041020,198,7.14,20,142.8
S.S.B. Pharmaceutical,S000400,5/18/2026,Foleys Catheter 20FR,G24E010685,29-Apr,3004,178.13,28.57,4,114.28
S.S.B. Pharmaceutical,S000400,5/18/2026,IV Set Romsons,G26B020414,31-Jan,30049086,201,11.9,25,297.5
S.S.B. Pharmaceutical,S000400,5/18/2026,Pan IV Inj,26740008,28-Feb,30042033,53.9,17.14,25,428.5
S.S.B. Pharmaceutical,S000400,5/18/2026,Easy Fix,EFME04-112,27-Oct,30049011,44.06,7.14,20,142.8
S.S.B. Pharmaceutical,S000400,5/18/2026,Klotin Inj 5 ML,V627120,26-Nov,3004,71.9,33.33,15,499.95
S.S.B. Pharmaceutical,S000400,5/18/2026,Klotin Inj 5 ML,1518013,26-Oct,3004,71.9,33.33,5,166.65
S.S.B. Pharmaceutical,S000400,5/18/2026,Isopropyl Alcohol 70% 100ML,DB-19,27-May,30049095,45,11.43,12,137.16
S.S.B. Pharmaceutical,S000645,6/11/2026,Romojet Syringe 2ML,G25J020231,30-Sep,30045036,10.2,2,100,200
S.S.B. Pharmaceutical,S000645,6/11/2026,Dispovan 10ML,601106ED1,30-Dec,90183990,13.3,4.29,50,214.5
S.S.B. Pharmaceutical,S000645,6/11/2026,Xone 1G Inj,25181022,28-Nov,30041020,66.64,25.71,10,257.1
S.S.B. Pharmaceutical,S000645,6/11/2026,Anawin 0.5%,KM144331,27-Nov,30049034,33.3,25.24,10,252.4
S.S.B. Pharmaceutical,S000645,6/11/2026,Cort'S,SM107269,28-Oct,30031000,93.9,72.95,10,729.5
S.S.B. Pharmaceutical,S000645,6/11/2026,BD S Phenol Carb,BV447017,27-Oct,30041050,47.7,19.05,10,190.5
S.S.B. Pharmaceutical,S000645,6/11/2026,Genticyn 80Inj,AHL0097,27-Jul,30022024,128,7.89,2,93.22
S.S.B. Pharmaceutical,S000645,6/11/2026,Rantac Inj 2ML,XIR225047,27-Jun,3004,10.35,7.48,10,78.9
S.S.B. Pharmaceutical,S000645,6/11/2026,Phenergan 2ML Inj,AHL0123,27-Nov,30039090,7.48,4.29,10,42.9
S.S.B. Pharmaceutical,S000645,6/11/2026,Ondem Inj,OND25321SR,28-Jul,30039090,16.72,12.74,10,127.4
S.S.B. Pharmaceutical,S000645,6/11/2026,Vasocon 1ML,KP85428,26-Oct,30049081,12.72,9.7,10,48.5
S.S.B. Pharmaceutical,S000645,6/11/2026,Lasix Amp 4ML Inj,2125233,28-Nov,30049099,13.04,10,10,100
S.S.B. Pharmaceutical,S000645,6/11/2026,Clavam 1.2GM Inj,25444675,27-May,90192090,12.76,10.21,10,102.1
S.S.B. Pharmaceutical,S000645,6/11/2026,Isopropyl Alcohol,DB-21,27-Nov,30039090,160,47.62,1,47.62
S.S.B. Pharmaceutical,S000645,6/11/2026,Betadine 500ML Sol 10%,MK05425,27-Aug,30067000,151.33,85.71,5,428.55
S.S.B. Pharmaceutical,S000645,6/11/2026,Povidine 250GM Ointment,E-35525,,3004,421.87,152.38,1,152.38
S.S.B. Pharmaceutical,S000645,6/11/2026,Bains Circuit (Adult),MK0130724,27-Mar,90183990,3093.75,666.67,1,666.67
S.S.B. Pharmaceutical,S000645,6/11/2026,NS 100ML INFU,5C342109,28-Nov,30041030,21,11.43,100,1143
S.S.B. Pharmaceutical,S000645,6/11/2026,NS 1000ML (MKA),P2604L075,28-Mar,30049099,61.17,30.48,12,365.76
S.S.B. Pharmaceutical,S000645,6/11/2026,RL 1000ML (MKA),RLL25016,27-Jun,30041050,111.25,32.38,12,388.56
S.S.B. Pharmaceutical,S000645,6/11/2026,RL 500ML (MKA) LD,F2605F016,27-Dec,30049095,59.31,18.57,25,464.25
S.S.B. Pharmaceutical,S000645,6/11/2026,NS 500ML (MKA),F2604F072,28-Jan,30049099,36.6,17.62,25,440.5
S.S.B. Pharmaceutical,S000670,6/13/2026,ET Tube Nasal 6.5,NET25D76/1,30-Mar,300490,1800,523.81,5,2619.05
S.S.B. Pharmaceutical,S000670,6/13/2026,ET Tube Nasal 7.0,NET25D61,30-Mar,300490,1800,523.81,5,2619.05
S.S.B. Pharmaceutical,S000670,6/13/2026,ET Tube Nasal 7.5,NET25062,30-Mar,300490,1800,523.81,5,2619.05
S.S.B. Pharmaceutical,S000670,6/13/2026,Bain Circuit (Paediatric),MK0250126,28-Dec,30049011,2815,523.81,1,523.81
S.S.B. Pharmaceutical,S000670,6/13/2026,Bains Circuit (Adult),,30-Sep,90183990,3222,666.67,1,666.67
S.S.B. Pharmaceutical,S000670,6/13/2026,Kitkath 18G IV Cannula,5482AG,30-Oct,90183990,202.55,7.14,100,714
S.S.B. Pharmaceutical,S000670,6/13/2026,Justin AQ Inj,BDW20A1A,27-Aug,30042019,36.7,23.81,10,238.1
S.S.B. Pharmaceutical,S000670,6/13/2026,Pause Ing 5ML,EM260031,28-Dec,30043110,23.8,8.57,20,171.4
S.S.B. Pharmaceutical,S000670,6/13/2026,Anemol 100ML IV,TH26023200,28-Jan,30049099,73.22,47.62,10,476.2
S.S.B. Pharmaceutical,S000670,6/13/2026,Sterile Water,2243942,30-Jun,30041060,595.61,33.33,15,499.95
S.S.B. Pharmaceutical,S000670,6/13/2026,Ondem Inj,OND25321SR,27-Oct,30041020,146.25,109.52,2,219.04
S.S.B. Pharmaceutical,S000670,6/13/2026,Xone 1G Inj,26180066,27-Oct,30041020,12.72,9.7,15,97
S.S.B. Pharmaceutical,S000670,6/13/2026,Spinocan Needle 23,24L20G8216,29-Oct,300490,66.64,25.71,25,385.65
S.S.B. Pharmaceutical,S000670,6/13/2026,Planin 400 Inj,2B250011,27-Apr,30049099,3167,461.9,2,923.8
S.S.B. Pharmaceutical,S000688,6/15/2026,Glycine 3000ML (INFU),I.64008,Feb-29,30067000,708,190.48,4,761.92
S.S.B. Pharmaceutical,S000688,6/15/2026,Dispovan 5ML Syringe,618054SK,31-Mar,30041020,0,2.76,200,552
S.S.B. Pharmaceutical,S000688,6/15/2026,Lox 2% Adrenaline 30 ML,SU1478507,27-Jan,30039034,33.6,25.71,20,514.2
S.S.B. Pharmaceutical,S000688,6/15/2026,Supridol 50MG,KP1287042,27-Sep,30049099,12.56,4.3,20,86
S.S.B. Pharmaceutical,S000688,6/15/2026,Anawin Heavy 4ML,KP1713925,27-Dec,30039034,31.47,24.76,25,619
S.S.B. Pharmaceutical,S000688,6/15/2026,Axosoft 10CM 3M,AXL10625,30-May,5601,252,47.62,15,714.3
S.S.B. Pharmaceutical,S000688,6/15/2026,Gauzesthan 24MTR S W,,,3005,700,380.95,3,1142.85
S.S.B. Pharmaceutical,S000688,6/15/2026,4U Cannula Fixator 6CM x 8CM,GS0601,30-May,30049099,130,5.71,50,285.5
Vivekananda Medical Distributors,F/684,5/1/2026,Romojet 10 ML Syng,G25L020522,30-Nov,90183100,20,3.76,10,39.48
Vivekananda Medical Distributors,F/684,5/1/2026,BD Venflon I-18G 1.2x45MM,5301827,30-Sep,90183930,321,55,5,288.76
Vivekananda Medical Distributors,F/684,5/1/2026,Bardia Fole 2W 18FR,MYJP2082,28-Nov,90183990,163.13,120.95,2,254
Vivekananda Medical Distributors,F/684,5/1/2026,Bardia Fole 2W 20FR,MYHN2800,27-Dec,90183990,174,120.95,2,254
Vivekananda Medical Distributors,F/684,5/1/2026,Bardia 3Way Foley 18FR,MYHU2557,28-May,901839,448,291.42,1,306
Vivekananda Medical Distributors,F/684,5/1/2026,Bardia 3Way Fole 20FR,MKGX1372,27-Aug,90183990,448,291.42,2,611.98
Vivekananda Medical Distributors,F/684,5/1/2026,Bardia 3Way Fole 22FR,MYJY4575,29-Oct,90183990,491,291.42,2,611.98
Vivekananda Medical Distributors,F/684,5/1/2026,Silko Cath FG14,G25L010149,30-Nov,90183990,842,130,1,136.5
Vivekananda Medical Distributors,F/684,5/1/2026,Silko Cath 16FG,G25L010148,30-Nov,90183990,905,130,1,136.5
Vivekananda Medical Distributors,F/685,5/1/2026,Silko Cath FG 18,G25I010484,30-Aug,90183990,905,130,1,136.5
Vivekananda Medical Distributors,F/685,5/1/2026,Silko Cath FG-20,G230210523,28-Jan,901839,815,130,1,136.5
Vivekananda Medical Distributors,F/747,5/3/2026,Uro Bag (Romo-10),G26A050071,30-Dec,90183910,361,35,10,367.5
Vivekananda Medical Distributors,F/747,5/3/2026,Sterile Gauze,12,26-Nov,30061010,14,5.46,120,687.96
Vivekananda Medical Distributors,F/747,5/3/2026,Romojet 10 ML Syng,G25L020522,30-Nov,90183100,20,3.76,50,197.4
Vivekananda Medical Distributors,F/747,5/3/2026,Romojet 5ML Syng,G25H02015,30-Jul,90183100,10.31,2.5,100,262.5
Vivekananda Medical Distributors,F/747,5/3/2026,Water For Inj 10ML,2242524,27-Jun,30049099,3.24,2.51,50,131.78
Vivekananda Medical Distributors,F/747,5/3/2026,Surgicare Gloves 6.5,26C3005,Feb-31,40151100,91,19.06,125,2501.62
Vivekananda Medical Distributors,F/747,5/3/2026,Surgicare Gloves 7,26C9006M,Feb-31,40151100,91,19.06,125,2501.62
Vivekananda Medical Distributors,F/747,5/3/2026,Surgicare Gloves 7.5,26C9006M,Feb-31,40151100,91,19.06,50,1000.66
Vivekananda Medical Distributors,F/747,5/3/2026,Surgicare Gloves 8,24G2012,29-Jun,40151100,97,90.94,40,800.52
Vivekananda Medical Distributors,F/747,5/3/2026,Surgicare Gloves 8,24L8001M,29-Nov,40151100,97,90.94,60,1200.78
Vivekananda Medical Distributors,F/748,5/3/2026,Surgicare Gloves 6,25K5152,30-Oct,40151100,97,19.06,25,500.32
Vivekananda Medical Distributors,F/748,5/3/2026,Lox 2% Inj,L1739,27-Nov,30039034,34.58,27,20,567
Vivekananda Medical Distributors,F/748,5/3/2026,NS 100 ML,6C4007,29-Jan,30049099,21,13,50,682.5
Vivekananda Medical Distributors,F/748,5/3/2026,RL 500ML,P6050120,28-Feb,30049099,60.35,30,50,1575
Vivekananda Medical Distributors,F/748,5/3/2026,NS PP 500 ML,5C342094,28-Nov,30049099,37.25,21.06,50,1105.66
Vivekananda Medical Distributors,F/748,5/3/2026,NS 1000ML,N26E3029,28-Dec,30049099,62.22,35,24,882
Vivekananda Medical Distributors,F/897,5/11/2026,Lox 2% Adrenaline,SU1478482,26-Aug,30049099,35.87,26.5,5,139.12
Vivekananda Medical Distributors,F/897,5/11/2026,Suction Catheter 14G,G25K010732,30-Oct,90183990,98,18,5,94.5
Vivekananda Medical Distributors,F/897,5/11/2026,Cloneon Inj,259,26-Oct,30049076,97,65,5,341.26
Vivekananda Medical Distributors,F/1180,5/20/2026,"Gypsona Plaster 4""",25N069,30-May,30059040,224,125,5,656.26
Vivekananda Medical Distributors,F/1180,5/20/2026,Winzocin Inj,I495008,27-Oct,30049099,59.59,22,5,115.5
Vivekananda Medical Distributors,F/1180,5/20/2026,Soframycin Skin Cream 30GM,I5CH37,27-Sep,30041090,56.71,42,2,88.2
Vivekananda Medical Distributors,F/1180,5/20/2026,Soframycin Skin Cream 30GM,I4CH611,27-Apr,30041090,55.77,42,1,44.1
Vivekananda Medical Distributors,F/1180,5/20/2026,BD Venflon I-22G,5207517,30-Jun,90183930,321,55,5,288.76
Vivekananda Medical Distributors,F/1180,5/20/2026,Soflene IV Canula Fixe,G25J060033,28-Sep,90183990,98,18,10,189
Vivekananda Medical Distributors,F/1180,5/20/2026,Thrombonot 20MG,216,27-Nov,21069091,149.27,95,1,99.76
Vivekananda Medical Distributors,F/1214,5/21/2026,4U Dressing Pad 10x20,CD0208,31-Jan,30059090,100,42,10,441
Vivekananda Medical Distributors,F/1214,5/21/2026,Glutradex 2.45%,G2B/26-003,27-Dec,30049029,937.5,605,1,635.26
Vivekananda Medical Distributors,F/1693,6/9/2026,EPI Kit NG 16,G21092259,26-Aug,9018,1950,809.52,1,809.52
Vivekananda Medical Distributors,F/1737,6/10/2026,EPI Kit 16G,G26D010722,31-Mar,90189031,2258.13,809.52,2,1619.04
M.R. Pharmaceutical,MR000352,5/21/2026,Plain Sheet 30 (120CM x 210CM),126,28-Dec,90189099,119.5,57.96,20,1159.2
M.R. Pharmaceutical,MR000352,5/21/2026,Oxy Set (Adult) 2 MTR,G26A040330,30-Dec,90192090,255,34.58,20,691.6
M.R. Pharmaceutical,MR000352,5/21/2026,Oxy Set (Child) 2MTR,G26A046028,30-Dec,90192090,236.25,32.55,15,488.25
M.R. Pharmaceutical,MR000352,5/21/2026,Venflon 22G IV Cannula with Wing,5207517,30-Jun,90133930,342.5,70.3,50,3515
M.R. Pharmaceutical,MR000490,6/9/2026,Teicob Otic-400 (Teicoplanin),V651033,27-Jan,30049099,3941,488,5,2440
M.R. Pharmaceutical,MR000502,6/10/2026,Metron IV Inj (Metronidazole),26440123,27-Feb,30049022,22.05,14.28,10,142.8
M.R. Pharmaceutical,MR000502,6/10/2026,Ondem 2ML,OND25281SR,27-Sep,30049035,12.73,5.4,10,54
M.R. Pharmaceutical,MR000502,6/10/2026,Rantac 2ML Inj,XIR224112,26-Oct,300420,6.81,4.98,10,49.8
M.R. Pharmaceutical,MR000502,6/10/2026,NS 100ML (Judex),S6030495,28-Feb,30049099,21.02,14.57,100,1457
M.R. Pharmaceutical,MR000502,6/10/2026,Mon-Xcef 1GM Inj,DPD260619,28-Sep,300420,67.05,27.71,10,277.1
M.R. Pharmaceutical,MR000502,6/10/2026,NLLG-Mycin Injection (Gentamicin),NSM25906,27-Oct,30049087,5.84,5.87,10,58.7
M.R. Pharmaceutical,MR000519,6/12/2026,Sterile Water,10DGP1087,27-Nov,300420,3.03,2.15,64,137.6
M.R. Pharmaceutical,MR000519,6/12/2026,Ondem 2ML,OND25281SR,27-Sep,30049035,12.73,5.4,10,54
M.R. Pharmaceutical,MR000519,6/12/2026,Xone 1GM,25181033,28-Jun,30042019,66.64,26.79,10,267.9
M.R. Pharmaceutical,MR000519,6/12/2026,Pause Inj,ELF8AT5004,28-Jun,30043200,73.22,47.85,10,478.5
M.R. Pharmaceutical,MR000519,6/12/2026,Justin AQ Inj,BDW29A1A,27-Oct,30049069,23.8,5.17,10,51.7
M.R. Pharmaceutical,MR000519,6/12/2026,Neomol 100 ML Inj,383T1002,27-Nov,30049069,591.5,35,10,350
M.R. Pharmaceutical,MR000519,6/12/2026,Win-Ticowin 400 (Teicoplanin),PBSL25075A,27-Aug,30049069,2299,432,10,4320
M.R. Pharmaceutical,MR000539,6/15/2026,"Roller Bandage 4""",10,29-Jan,30059010,25.33,14.81,12,177.72
M.R. Pharmaceutical,MR000539,6/15/2026,Syringe 5ML Dispovan,606051NI12,31-Jan,90183290,10.23,3.5,200,700
M.R. Pharmaceutical,MR000539,6/15/2026,Glycine (Jedux) 3000ML,K6230033,28-Nov,30049099,711.45,168,4,672
M.R. Pharmaceutical,MR000539,6/15/2026,Anawin Heavy,KP1713925,27-Dec,30049099,31.47,25.5,25,637.5
M.R. Pharmaceutical,MR000539,6/15/2026,Lox Adrenaline Inj,SU1478472,26-Aug,30049099,33.6,26.5,10,265
M.R. Pharmaceutical,MR000539,6/15/2026,Lox Adrenaline Inj,SU1478526,27-Mar,30049099,33.6,26.5,20,530
M.R. Pharmaceutical,MR000539,6/15/2026,Supridol 1ML Inj,KP1287044,28-Jan,30049079,12.56,5,15,75
M.R. Pharmaceutical,MR000539,6/15/2026,Soflene IV Cannula Fixator,G26A060041,28-Dec,90183990,91,8.3,50,415
M.R. Pharmaceutical,MR000553,6/16/2026,Pipzo 4.5GM Inj,26440056,27-Dec,30041090,326.22,110,8,880
M.R. Pharmaceutical,MR000553,6/16/2026,Pipzo 4.5GM Inj,26440452,28-Jan,30041090,326.22,110,2,220
M.R. Pharmaceutical,MR000553,6/16/2026,Epicetam 5ML Inj (Levetiracetam),V667145,28-Feb,30049082,121.8,32,5,160
M.R. Pharmaceutical,MR000553,6/16/2026,Neticol 2ML Inj (Citicoline),1324092,27-Nov,30049099,216.3,35.2,3,105.6
M.R. Pharmaceutical,MR000553,6/16/2026,Neticol 2ML Inj (Citicoline),1324094,28-Jan,30049099,216.3,35.2,5,176
M.R. Pharmaceutical,MR000578,6/19/2026,Soft Roll 15CM x 3 MTR (Prime),S26004,30-Jan,30049099,350,85.9,15,1288.5
M.R. Pharmaceutical,MR000604,6/23/2026,Pan IV 40MG,26770018,28-Apr,300420,54.24,18,20,360
M.R. Pharmaceutical,MR000604,6/23/2026,Nacthin Inj 30MG/1ML,1238084,27-Feb,300420,70.86,48.8,40,1952
M.R. Pharmaceutical,MR000604,6/23/2026,Eupen 500MG,28864,27-Jan,30042019,772,120,12,1440
M.R. Pharmaceutical,MR000604,6/23/2026,Lobet 20MG/4ML Inj,ILBLA1503,27-Feb,30049084,209.92,69.24,20,1384.8
M.R. Pharmaceutical,MR000684,7/4/2026,Metron IV Inj (Metronidazole),26440123,27-Feb,30049022,22.05,14.28,25,357
M.R. Pharmaceutical,MR000684,7/4/2026,Pan IV 40MG,26770018,28-Apr,300420,54.24,18,25,450
M.R. Pharmaceutical,MR000684,7/4/2026,Pipzo 4.5GM Inj,26440452,28-Jan,30041090,326.22,110,5,550
M.R. Pharmaceutical,MR000684,7/4/2026,Xone 1GM,25181034,28-Aug,30042019,66.64,26.79,25,2200
M.R. Pharmaceutical,MR000684,7/4/2026,Multivein Inj (M V I),DI-468,27-May,30049099,36,14.5,10,145
M.R. Pharmaceutical,MR000712,7/7/2026,Lox Adrenaline Inj,SU1478526,27-Mar,30039099,33.6,26.5,40,1060
M.R. Pharmaceutical,MR000718,7/8/2026,Winzocin (Pentazocin),14950N8,27-Aug,30049099,59.59,35,30,1050
M.R. Pharmaceutical,MR000731,7/10/2026,Metohin 5MG (Metoclopramide),66,27-Feb,30049035,7.63,3.75,10,37.5
M.R. Pharmaceutical,MR000731,7/10/2026,Cort-S 100MG,V4471742,27-Feb,30043200,47.7,16.5,10,165
M.R. Pharmaceutical,MR000731,7/10/2026,Lasix 4ML Inj,2125210,28-Aug,30049084,12.76,11.75,10,117.5
M.R. Pharmaceutical,MR000753,7/13/2026,Syringe 10ML Dispovan,609105ND2,30-Dec,90183100,13.3,5.3,50,265
M.R. Pharmaceutical,MR000753,7/13/2026,Anawin 0.5 20ML,SM107271,28-Oct,30039099,93.9,68,10,680
M.R. Pharmaceutical,MR000753,7/13/2026,Artacil 25,1303351,27-Jun,30049099,45.3,29,5,145
M.R. Pharmaceutical,MR000753,7/13/2026,Mezolam 5ML Inj,V304627,27-Dec,30049099,31.55,19,5,95
M.R. Pharmaceutical,MR000753,7/13/2026,Neovec 4MG Ing,3K5433,28-Jan,30043200,78,44,5,220
M.R. Pharmaceutical,MR000753,7/13/2026,Reversee Inj (Sugammadex) 2ML,1988063,28-Feb,30049099,856.8,500,10,5000
M.R. Pharmaceutical,MR000753,7/13/2026,Lablol 4ML,388105,28-Feb,30049074,223.5,65.75,6,394.5
M.R. Pharmaceutical,MR000753,7/13/2026,Justin 100MG Strip of 5,BLNP274055,28-Dec,30049099,93.7,69,10,690
M.R. Pharmaceutical,MR000753,7/13/2026,Syringe 10ML (with Need),G26E020218,Apr-31,90183100,20.8,5.3,50,265
M.R. Pharmaceutical,MR000753,7/13/2026,Syringe 2ML (Romojet),G230620548,28-May,90183100,8.45,2.3,200,460
M.R. Pharmaceutical,MR000816,7/21/2026,Pan IV 40MG,25770019,27-Oct,300420,53.9,18,10,198
M.R. Pharmaceutical,MR000816,7/21/2026,Pan IV 40MG,26770028,28-Jan,300420,53.9,18,15,279
M.R. Pharmaceutical,MR000816,7/21/2026,Sangofix Air,7IO102B29,,90183990,238.12,150,10,1500
M.R. Pharmaceutical,MR000816,7/21/2026,Rantac 2ML Inj,XIR225034,27-Sep,300420,7.48,4.98,10,79.68
M.R. Pharmaceutical,MR000816,7/21/2026,Monocef 1GM Inj,BPD260673,28-Sep,300420,67.05,27.71,10,277.1
M.R. Pharmaceutical,MR000816,7/21/2026,Neomol 100 ML Inj,T393T1006,27-Nov,30049069,574.9,35,6,210
M.R. Pharmaceutical,MR000816,7/21/2026,Neomol 100 ML Inj,T393L1679,28-Jan,30049069,591.5,35,4,140
M.R. Pharmaceutical,MR000816,7/21/2026,Supridol 2ML Inj,KP1569245,27-Oct,30049079,25.12,8,10,80
M.R. Pharmaceutical,MR000659,6/30/2026,Amitax 500MG Inj,L485056,27-Jul,30049087,115.73,45.1,1,586.3
M.R. Pharmaceutical,MR000659,6/30/2026,Ondem 2ML,SGOND26043,28-Jan,30049035,12.73,5.4,20,81
M.R. Pharmaceutical,MR000659,6/30/2026,Syringe 100ML Dispovan,609105ND2,30-Dec,90183100,13.3,5.3,100,530
M.R. Pharmaceutical,MR000659,6/30/2026,Epsoure 2ML Inj (Phenytoin),A25065YE,27-Apr,30049099,12.7,7.4,10,74
M.R. Pharmaceutical,MR000659,6/30/2026,Cetil 1.5 Inj,A26035VP,27-Feb,30042019,146.9,90,10,900
M.R. Pharmaceutical,MR000659,6/30/2026,Monocef 1GM Inj,BPD260673,28-Sep,300420,67.05,27.71,10,277.1
M.R. Pharmaceutical,MR000659,6/30/2026,Vanking 500MG Inj (Vancomycin),345226,28-Feb,30042019,339,76.4,20,764
M.R. Pharmaceutical,MR000659,6/30/2026,Neorof 10ML,NA338077,27-Feb,300420,138.7,44,20,880
M.R. Pharmaceutical,MR000659,6/30/2026,Neorof 20ML,NA339076,27-Nov,30039034,407.8,53,20,1060
M.R. Pharmaceutical,MR000659,6/30/2026,Phen-Pres Inj 1ML,10062,27-Jun,30049099,407.8,194,5,970
M.R. Pharmaceutical,MR000659,6/30/2026,Phen-Pres Inj 1ML,10064,27-Jun,30049099,407.8,194,5,970
M.R. Pharmaceutical,MR000659,6/30/2026,Sod/C Inj,UN1072105,27-Nov,30049032,35.75,24.15,5,241.5
M.R. Pharmaceutical,MR000659,6/30/2026,NLLG-Mycin Injection (Gentamicin),NSM25906,27-Oct,30049087,9.84,5.87,12,70.44
M.R. Pharmaceutical,MR000659,6/30/2026,Cort-S 100MG,V4471350,27-Feb,30043200,47.7,16.5,10,165
M.R. Pharmaceutical,MR000659,6/30/2026,Justin AQ Inj,BDW2/A1A,27-Oct,30049069,23.8,5.17,10,77.55
M.R. Pharmaceutical,MR000659,6/30/2026,Justin AQ Inj,BDW01A1B,27-Nov,30049069,23.8,5.17,5,25.85
M.R. Pharmaceutical,MR000659,6/30/2026,Lori 2ML,143435,Feb-29,30049081,11.3,9.49,10,94.9
M.R. Pharmaceutical,MR000659,6/30/2026,Neomol 100 ML Inj,383T1002,27-Nov,30049069,591.5,35,10,315
M.R. Pharmaceutical,MR000659,6/30/2026,Neomol 100 ML Inj,T393L1572,28-Jan,30049069,591.5,35,11,385
M.R. Pharmaceutical,MR000659,6/30/2026,Dextowin Inj 2ML,DXV46005A,27-Dec,30041090,11.72,5.5,10,55
M.R. Pharmaceutical,MR000659,6/30/2026,Drotin Inj (Drotaverine HCL),MHE-1436,27-Oct,30049099,38.65,29.45,10,294.5
M.R. Pharmaceutical,MR000659,6/30/2026,Win-Metowind Inj,GA25L01C,27-Nov,30049079,17.75,11.45,10,114.5
B.P. Pharma,234,6/8/2026,Glycin 3000ML (KRPL),60015,28-Mar,,704.06,128,4,512
B.P. Pharma,234,6/8/2026,Liquid Paraffin IP,133,28-Sep,,262.8,158.12,1,158.12
B.P. Pharma,234,6/8/2026,Gauze Than 16 MTR,,,3002,539.06,214.5,3,643.5
B.P. Pharma,248,6/11/2026,Foley Cath 2 Way 16,3616CE,29-Mar,3004,174,126.5,5,632.5
B.P. Pharma,248,6/11/2026,Surgicare 7.0,9006M,Feb-31,3004,91,22,25,550
B.P. Pharma,248,6/11/2026,Plain Sheet D301 (ME),SD0426,31-Mar,3004,200,65,10,650
B.P. Pharma,266,6/15/2026,"Soft Roll 6"" (Sara)",1125,30-Oct,3004,370,48.5,15,727.5
B.P. Pharma,266,6/15/2026,Easy Fix (Bipson),245210,28-Nov,3045,91,5.98,50,299
B.P. Pharma,266,6/15/2026,Glycin 3000ML (KRPL),L60012,28-Feb,,704.06,128,4,512
B.P. Pharma,266,6/15/2026,TUR Set (RM),6108118,27-Jul,3004,455,100.54,1,100.54
B.P. Pharma,266,6/15/2026,TUR Set (RM),10692,30-Apr,3004,523,107.95,9,971.55
B.P. Pharma,266,6/15/2026,Gauze Than 16 MTR,,,3002,539.06,214.5,10,2145
B.P. Pharma,270,6/16/2026,Urobag (Romo-10),50106,30-Nov,9018,361,40.5,25,1012.5
B.P. Pharma,270,6/16/2026,TUR Set (RM),10692,30-Apr,3004,523,107.95,10,1079.5
B.P. Pharma,270,6/16/2026,"Leukoplast 7.5cm/3""",25A078,29-Mar,3004,364,225,2,450
B.P. Pharma,270,6/16/2026,"Leukoplast 7.5cm/3""",25A112,29-May,3004,341,225,3,675
B.P. Pharma,270,6/16/2026,"Micropore-3""",260302,31-Jan,3004,1518.5,482,2,964
B.P. Pharma,270,6/16/2026,C Arm Cover (D306),2511ACO,30-Oct,3004,213,157.71,10,1577.1
B.P. Pharma,270,6/16/2026,LNW 2421,222AB,30-Jun,3004,10968.75,4167.84,1,4167.84
B.P. Pharma,270,6/16/2026,LNW 3336,164BB,31-Jan,3006,2748,1044.24,1,1044.24
B.P. Pharma,288,6/21/2026,"Crepe Bandage 6""",133,29-Nov,,100,40.3,12,483.6
B.P. Pharma,288,6/21/2026,Gentlium Pro (Pink),0405-10,29-Mar,3000,2758,810,1,810
B.P. Pharma,288,6/21/2026,Micro Drip Set,2104A,Feb-30,3004,108,28.1,10,281
B.P. Pharma,288,6/21/2026,PM O Line (2ARC),10667,30-Nov,3004,410,34.5,5,172.5
B.P. Pharma,288,6/21/2026,Plain Sheet D301,SD0426,31-Mar,3004,200,65,20,1300
B.P. Pharma,288,6/21/2026,"Gypsona 4""",25N0618,30-May,3004,239,139,6,834
B.P. Pharma,288,6/21/2026,"Gypsona 6""",25N129,30-Oct,3004,299,175.42,6,1052.52
B.P. Pharma,288,6/21/2026,Gauze Than 16 MTR,,,3002,539.06,214.5,5,1072.5
B.P. Pharma,288,6/21/2026,Surgicare 7.0,C2019,29-Mar,3004,47.22,22.1,125,1105
B.P. Pharma,288,6/21/2026,"Roll Bandage 6"" (OFD Carte)",078A,27-Jul,3004,124,78,50,78
B.P. Pharma,288,6/21/2026,Vein O Line-16CM,10661,30-Nov,3004,506,31.15,10,311.5
B.P. Pharma,288,6/21/2026,NS 100ML Flat Cap,F26039,20-Feb,300490,21.92,11.1,100,1110
B.P. Pharma,294,6/25/2026,NS 1000ML (KRPL),Y6009B,27-Dec,GST12,62.24,36.53,24,876.72
B.P. Pharma,302,6/26/2026,"Surgicel 2"" x 3"" (SA 90189)",TQ9371,28-Apr,,1851,1197.24,12,14366.88
B.P. Pharma,307,6/29/2026,Intra-Cath 20,10385,28-Sep,3004,201,95,1,95
B.P. Pharma,307,6/29/2026,ECG Electrode (Romsi),342250A,27-Jul,3004,25,5,400,2000
B.P. Pharma,307,6/29/2026,ECG Electrode (Romsi),590060,27-Nov,3004,25,5,100,500
B.P. Pharma,307,6/29/2026,NS 1000ML (KRPL),Y6009B,27-Dec,GST12,62.24,36.53,24,876.72
B.P. Pharma,307,6/29/2026,IV Set (Nalfed),1101049,29-Dec,3004,221,14.5,1,145
B.P. Pharma,307,6/29/2026,IFT8,11100,27-Jul,3004,61,44.25,5,44.25
B.P. Pharma,307,6/29/2026,IFT8,16052,30-Jun,3004,63,44.25,5,44.25
B.P. Pharma,307,6/29/2026,Vacu Suction Set (A 90183),111004,28-Oct,3004,607,64,1,64
B.P. Pharma,307,6/29/2026,Foley Cath 2Way 16N,10715,30-Oct,3004,128.6,52.92,5,264.6
B.P. Pharma,307,6/29/2026,DNS 500ML,10735,29-Apr,3004,73,28.6,3,85.8
B.P. Pharma,307,6/29/2026,RL 500ML,10991,29-May,3004,71,28.6,2,57.2
B.P. Pharma,307,6/29/2026,Surgeon's Cap,10615,Feb-31,901839,1952,292.75,1,585.5
B.P. Pharma,307,6/29/2026,Lox 2% Jelly,10716,26-Dec,3004,2100,549.72,2,1099.44
B.P. Pharma,307,6/29/2026,Foleth 2Way 18N,L1692,27-Oct,GST12,70,19.52,20,315
B.P. Pharma,328,7/4/2026,"Deep Bandage-4""",133,29-Nov,3004,100,40.3,12,483.6
B.P. Pharma,328,7/4/2026,IV Set Walker,10047,29-Dec,9018,221,162.5,1,162.5
B.P. Pharma,328,7/4/2026,Intra-Cath 20,18335,30-Nov,3004,201,9.5,10,95
B.P. Pharma,328,7/4/2026,Betadin 500ML,067I26,28-Jul,GST12,583,204,1,204
B.P. Pharma,328,7/4/2026,Valtex Exam Gloves,L6741E,28-Nov,GST12,2344,309.5,5,1525
B.P. Pharma,329,7/4/2026,"Soft Roll 4"" (Red)",1358,28-Jul,3004,332,45.24,24,1085.76
B.P. Pharma,329,7/4/2026,Intra-Cath 24,16363,26-Sep,3004,179,14.58,100,1458
B.P. Pharma,340,7/8/2026,NS 500ML (FFS) Carte,E2619,29-Mar,300490,37.22,22.1,75,1657.5
B.P. Pharma,340,7/8/2026,Intra-Cath 20,18335,30-Nov,3004,201,9.5,20,190
B.P. Pharma,340,7/8/2026,"Roll Bandage 4"" (LC)",2,28-Nov,3004,128,58,1,58
B.P. Pharma,340,7/8/2026,"Roll Bandage 6"" (LC)",078A,27-Jul,3004,124,78,1,78
B.P. Pharma,340,7/8/2026,Foley Cath 2Way 12N,Z3194,28-Apr,GST12,163.13,131.45,5,657.25
B.P. Pharma,340,7/8/2026,Dynaplast 10CM (Glob),D6010,28-Dec,3004,1392,232.5,2,465
B.P. Pharma,349,7/10/2026,Mop (Sara),M0045,28-Apr,300510,95,40.15,30,1204.5
B.P. Pharma,365,7/14/2026,LS 4846,1678C,Apr-31,3006,27100,10301.04,1,10301.04
B.P. Pharma,365,7/14/2026,LNW 2421,043AB,Apr-31,3004,12048,4578.24,1,4578.24
B.P. Pharma,371,7/16/2026,NS 3000ML (KRPL),60931,28-Apr,GST12,698,123,4,492
B.P. Pharma,371,7/16/2026,Glycin 3000ML (KRPL),60015,28-Mar,GST12,704.06,128,4,512
B.P. Pharma,371,7/16/2026,Dispovan 20ML (Romo),20044,30-Dec,3004,34.75,12.1,50,605
B.P. Pharma,371,7/16/2026,Knee O Drape (3505),2509ECO,30-Aug,3004,1864,1350,4,5400
B.P. Pharma,375,7/17/2026,G Kit-1004 (Surgiwa),2601800,30-Dec,621010,996,694,5,3470
B.P. Pharma,380,7/18/2026,Knee O Drape (Dilate),11CD0,29-Oct,901890,4152,3157.2,2,6314.4
B.P. Pharma,380,7/18/2026,Knee O Drape (3505) - SALE RETURN,2509ECO,29-Oct,3004,1864,1350,-4,-5400
B.P. Pharma,387,7/21/2026,Glycin 3000ML (KRPL),60929,28-Jun,GST12,704.06,128,4,512
B.P. Pharma,387,7/21/2026,NS 3000ML (KRPL),60931,28-Apr,GST12,698,123,4,492
B.P. Pharma,387,7/21/2026,Vein O Line-16 CM,10661,28-Nov,3004,506,31.15,10,311.5
B.P. Pharma,387,7/21/2026,B T Set (Rom),24866,Feb-31,3004,201,14.06,10,140.6
B.P. Pharma,387,7/21/2026,I V Set (Rom),24866,Feb-31,3004,201,14.06,10,140.6
B.P. Pharma,387,7/21/2026,Foley Cath 2 Way 20,CADACE,27-Oct,GST12,491,362.24,5,1811.2
B.P. Pharma,387,7/21/2026,2 Arm Cover (D306),2511ACO,30-Oct,3004,213,157.71,2,315.42
B.P. Pharma,387,7/21/2026,C Arm Cover (D306),2604AB0,Feb-31,3004,234,157.71,8,1261.68
B.P. Pharma,387,7/21/2026,NS 300ML Flat Cap (5),26068,20-Feb,300490,37.69,21.15,50,1057.5
B.P. Pharma,387,7/21/2026,RL 1000ML (KRPL),160044,27-Dec,3004,178,57.2,24,984
B.P. Pharma,387,7/21/2026,NS 300ML Flat Cap,26847,Feb-29,300490,68.35,23.8,25,595
B.P. Pharma,387,7/21/2026,"Roll Bandage 6"" (LC)",764,27-Jul,GST12,124,78,3,390
B.P. Pharma,387,7/21/2026,Valtex Exam Glove,L6741E,28-Nov,GST12,2344,309.5,5,1527.5
B.P. Pharma,387,7/21/2026,Mop X-Ray Gauge,,,3006,51.06,24.55,20,491
B.P. Pharma,387,7/21/2026,Betadine Oint 125gm,9775,27-Oct,GST12,431.71,371.15,1,371.15
B.P. Pharma,387,7/21/2026,Sterile Gauze,30011,30-Aug,3004,240,98,3,174
B.P. Pharma,392,7/22/2026,Full Gown (MAEB12M),,,3004,,,5,1372
B.P. Pharma,393,7/22/2026,Wearon Disp Apron,,,GST12,672,186.5,10,1865
B.P. Pharma,393,7/22/2026,Betadin Oint 20 GM,4226,28-Apr,GST12,132.3,113,5,565
B.P. Pharma,393,7/22/2026,Carbolic Acid 450ml,72,Feb-29,GST12,560,208,1,208
Hariom Pharmaceuticals,HP/1616,7/13/2026,Disprime (11 dia),15272,27-Nov,300420,434.29,454.29,15,6871.35
Niharika Enterprise,A000556,7/21/2026,FL Knee Brace Long (XL),325,,90211000,1100,660,1,660
Unknown (handwritten cash memo),(none),,Ketamine,,,,200,200,10,2000
,,,,,,,ac,,,
Vivekananda Medical Distributors,F/1676,6/8/2026,Glycine 3000ML 3LTR,P5050662,27-Sep,30049099,643.13,228.57,5,1142.85
Vivekananda Medical Distributors,F/1676,6/8/2026,Paraffin IP Liquid 450ML,LLF402,26-Aug,2710,315,163.55,1,163.55
Vivekananda Medical Distributors,F/1676,6/8/2026,Gauge Than 90CMx16MTR (Bengal),7,Feb-29,300590,422,252.38,1,252.38
M.R. Pharmaceutical,MR000842,7/24/2026,Artacil 50MG Inj,1304108,27-May,30049099,90.6,55,10,550
M.R. Pharmaceutical,MR000842,7/24/2026,Mezolam 10ML,V305906,27-Aug,30420,63.15,35,1,35
M.R. Pharmaceutical,MR000842,7/24/2026,Mezolam 10ML,V305919,27-Jan,30420,63.15,35,3,105
M.R. Pharmaceutical,MR000842,7/24/2026,Mezolam 10ML,V305924,27-Jan,30420,63.15,35,2,70
M.R. Pharmaceutical,MR000842,7/24/2026,Justin AQ Inj,BDW04AIB,27-Jan,30049069,23.8,5.17,10,51.7
M.R. Pharmaceutical,MR000842,7/24/2026,Supridol 1ML Inj,KP1287044,28-Jan,30049079,12.56,5,10,50
M.R. Pharmaceutical,MR000842,7/24/2026,Supridol 2ML Inj,KP1568245,27-Oct,30049079,25.12,8,10,80
S.S.B. Pharmaceutical,S000068,4/10/2026,NS 500ML (Care Medical),NSFA25302,27-Oct,30041050,39.05,16.67,25,416.75
S.S.B. Pharmaceutical,S000068,4/10/2026,RL 500ML Care Medical,RLF25256,27-Oct,30041050,63.3,17.62,25,440.5
S.S.B. Pharmaceutical,S000068,4/10/2026,D5 500ML Care Medical,D5F25070,27-Oct,30041050,42.55,17.14,12,205.68
S.S.B. Pharmaceutical,S000068,4/10/2026,DNS 500ML (Care Medical),DSFA25219,27-Oct,30041050,42.8,17.14,12,205.68
S.S.B. Pharmaceutical,S000068,4/10/2026,Metrogyl IV,V11W25156,28-Apr,30041020,22.05,16.19,15,242.85
S.S.B. Pharmaceutical,S000068,4/10/2026,Neomol IV 100ML,383T955,27-Aug,30049047,538,42.86,15,642.9
S.S.B. Pharmaceutical,S000068,4/10/2026,Zofer-Inj 2ML,GTG2445A,28-Jul,30049099,12.72,9.69,5,48.45
S.S.B. Pharmaceutical,S000068,4/10/2026,Ondem Inj 2ML,OND25321SR,27-Oct,30041030,12.72,9.7,20,97
S.S.B. Pharmaceutical,S000068,4/10/2026,Lori Inj 2ML,143429,28-May,30041020,11.8,8.76,5,43.8
S.S.B. Pharmaceutical,S000068,4/10/2026,Supridol 50MG,KP1287040,27-Sep,30049099,12.56,4.76,5,23.8
S.S.B. Pharmaceutical,S000068,4/10/2026,Tropine 1ML,KM038112,27-Mar,30049043,7.3,5.71,5,28.55
S.S.B. Pharmaceutical,S000068,4/10/2026,Vasocon 1ML,KP85428,26-Oct,30049081,13.04,10,5,50
S.S.B. Pharmaceutical,S000068,4/10/2026,Rantac Inj 2ML,XIR225024,27-Jun,3004,7.48,4.29,5,21.45
S.S.B. Pharmaceutical,S000068,4/10/2026,Myo-Pyrolyte 5ML,V350469,27-Jul,30039034,123.7,71.43,5,357.15
S.S.B. Pharmaceutical,S000068,4/10/2026,Gluci Inj 10ML,KP1169790,26-Sep,30049069,85.78,28.57,5,142.85
S.S.B. Pharmaceutical,S000068,4/10/2026,Domin,V639084,26-Oct,30042095,24.98,14.29,5,71.45
S.S.B. Pharmaceutical,S000068,4/10/2026,Drotin Inj 2ML,MHE-1448,27-Oct,30021290,38.65,29.45,7,206.15
S.S.B. Pharmaceutical,S000068,4/10/2026,Drotin Inj 2ML,MHE-1410,27-Jul,30021290,38.65,29.45,3,88.35
S.S.B. Pharmaceutical,S000068,4/10/2026,Ropin Heavy 0.75% 4ML Inj,1979020,27-Oct,90192090,132.15,97.14,5,485.7
S.S.B. Pharmaceutical,S000068,4/10/2026,Rocunium 5ML Inj,1491016,26-Aug,9021,919,220,5,1100
S.S.B. Pharmaceutical,S000068,4/10/2026,Anawin 0.25% 20ML,UN163311,27-Mar,30039034,59.16,47,5,235
S.S.B. Pharmaceutical,S000068,4/10/2026,Lox Jelly,L1692,27-Oct,30039034,34.58,26.67,5,133.35
S.S.B. Pharmaceutical,S000068,4/10/2026,Cort'S,V4471731,27-Nov,30041050,47.7,19.05,5,95.25
S.S.B. Pharmaceutical,S000068,4/10/2026,Lasix Amp 4ML Inj,2125179,28-Aug,30049099,12.76,10.21,10,102.1
S.S.B. Pharmaceutical,S000068,4/10/2026,Justin AQ Inj 1ML,BDW20AIA,27-Aug,30042031,23.8,8.57,15,128.55
S.S.B. Pharmaceutical,S000068,4/10/2026,Mikacin 500MG Inj,BLL250491,28-Oct,30022016,115.73,88.18,16,705.44
S.S.B. Pharmaceutical,S000068,4/10/2026,Reglan 10ML Vial,ML25225,28-May,30049099,17.04,13.26,10,132.6
S.S.B. Pharmaceutical,S000068,4/10/2026,Sucol,248220,26-Dec,3004,55.64,43.81,5,219.05
S.S.B. Pharmaceutical,S000068,4/10/2026,K-Nat Inj,KLA5010,28-Mar,30041020,54,38.1,5,190.5
S.S.B. Pharmaceutical,S000068,4/10/2026,Syntocinon Inj 1ML,25Z051SP,27-Nov,30041020,19.03,12.57,5,62.85
S.S.B. Pharmaceutical,S000068,4/10/2026,Carboprost 250 MG,97129,27-Apr,30041020,318.5,80.95,5,404.75
S.S.B. Pharmaceutical,S000068,4/10/2026,MEM Inj 1ML,39255,27-Apr,30041060,15.9,11.71,5,58.55
S.S.B. Pharmaceutical,S000068,4/10/2026,Neorof 10ML,NA338066,27-Sep,30039034,69.1,42.86,5,214.3
S.S.B. Pharmaceutical,S000068,4/10/2026,Zartocin Inj 100MCG,YICB2517J,27-Nov,30049095,483.7,247.62,4,990.48
S.S.B. Pharmaceutical,S000068,4/10/2026,Lox 2% Adrenaline 30 ML,SU1478482,26-Aug,30039034,33.6,25.71,2,51.42
S.S.B. Pharmaceutical,S000068,4/10/2026,Xylocaine 2% In 30ML,KV25078A,27-Aug,30041020,36.53,27.83,5,139.15
S.S.B. Pharmaceutical,S000068,4/10/2026,Sodac 25ML,UN1072037,27-May,30042095,35.76,26.67,5,133.35
S.S.B. Pharmaceutical,S000068,4/10/2026,Oxum Spray 100ML,OSP25020VB,27-Jul,30049099,330,251.43,2,502.86
S.S.B. Pharmaceutical,S000068,4/10/2026,Huminsulin R 40IU,A0010082,27-Apr,3002007,177,141.6,1,141.6
S.S.B. Pharmaceutical,S000068,4/10/2026,Spinocan Needle 25G,24G21G8220,29-Jul,9018,153,74.29,5,371.45
S.S.B. Pharmaceutical,S000068,4/10/2026,Potcl Inj,KP1307617,27-Jan,30041020,133,85.71,1,85.71
S.S.B. Pharmaceutical,S000068,4/10/2026,Lonopin Inj 40MG,ENSG04725,27-Jun,3002007,478.49,364.56,5,1822.8
S.S.B. Pharmaceutical,S000069,4/10/2026,T-Bact Oint 15GM,WV9F,27-Mar,30049011,325.08,247.68,5,1238.4
S.S.B. Pharmaceutical,S000069,4/10/2026,Isopropyl Alcohol 400ML,DB-19,27-May,30039090,150,38.1,3,114.3
S.S.B. Pharmaceutical,S000069,4/10/2026,Sangofix Air,24L24K8961,29-Jan,90189011,238.13,114.29,5,571.45
S.S.B. Pharmaceutical,S000069,4/10/2026,Dispo Guard Face Mask (Romson),G25L036102,,30042095,500,114.29,1,114.29
S.S.B. Pharmaceutical,S000069,4/10/2026,Abgel AHG Sponge,R070425,28-Jun,30022016,302,188.57,5,942.85
S.S.B. Pharmaceutical,S000069,4/10/2026,Jelonet Prafin Gauze,AGL0245,29-Nov,30051010,280,128.57,5,642.85
S.S.B. Pharmaceutical,S000069,4/10/2026,Enema Transfix,026-255,,30041020,70,14.29,5,71.45
S.S.B. Pharmaceutical,S000069,4/10/2026,A B Gauze Bengal,15,,30041020,180,59.05,10,590.5
S.S.B. Pharmaceutical,S000069,4/10/2026,Rightcare Bladder Adult Black,QPI25003,,8423,0,114.29,5,571.45
S.S.B. Pharmaceutical,S000069,4/10/2026,ET Tube 7.0 Romsons Cuffed,G24K011064,29-Oct,9018,367.5,76.19,1,76.19
S.S.B. Pharmaceutical,S000069,4/10/2026,ET Tube 7.5 Romsons Cuffed,G24010924,29-Sep,9018,367.5,76.19,1,76.19
S.S.B. Pharmaceutical,S000069,4/10/2026,Apron P.E Sterile,**,,12119099,40.04,13.56,20,271.2
S.S.B. Pharmaceutical,S000069,4/10/2026,AM 4241 2/0 Catgut,DCC250309,Feb-30,9018,216,57.14,1,57.14
S.S.B. Pharmaceutical,S000069,4/10/2026,Kitkath 18G IV Cannula,53741G,30-Aug,90183990,202,7.14,5,35.7
S.S.B. Pharmaceutical,S000069,4/10/2026,Kitkath 20G IV Cannula,54711,30-Oct,30041020,202.55,7.14,5,35.7
S.S.B. Pharmaceutical,S000069,4/10/2026,Kitkath 22G IV Cannula,54562,30-Oct,30019091,202.55,7.14,5,35.7
S.S.B. Pharmaceutical,S000069,4/10/2026,Oxyset Adult Romsons,G26A040107,30-Dec,30041020,255,28.57,5,142.85
S.S.B. Pharmaceutical,S000069,4/10/2026,Dispovan 2ML 24G(100),552023NF2,30-Nov,30041060,6.04,1.9,20,38
S.S.B. Pharmaceutical,S000069,4/10/2026,Dispovan 5ML Syringe,603051ED2,30-Dec,30041020,10.23,2.38,25,59.5
S.S.B. Pharmaceutical,S000069,4/10/2026,Romojet Syringe 10ML 50 S,G25L020136,30-Nov,30039090,19,3.62,25,90.5
S.S.B. Pharmaceutical,S000069,4/10/2026,Dispovan 20ML,509202JH,30-Jan,90191090,28.13,12.86,10,128.6
S.S.B. Pharmaceutical,S000069,4/10/2026,Dispovan 1ML Multipack,5470115,30-Oct,30041020,11.25,4.29,10,42.9
S.S.B. Pharmaceutical,S000069,4/10/2026,Hydrogen Peroxide Sol 450ML,HP3607,27-Jun,12119099,145,33.9,3,101.7
S.S.B. Pharmaceutical,S000069,4/10/2026,Hydrogen Peroxide Sol 450ML,HPE504,27-Jan,12119099,145,33.9,2,67.8
S.S.B. Pharmaceutical,S000069,4/10/2026,Betadine Sol-500ML_5X,ML00125,27-Sep,30049099,236.25,200,1,200
S.S.B. Pharmaceutical,S000069,4/10/2026,Latex Exam Gloves Romson,4930,30-Sep,30041020,1200,247.62,1,247.62
S.S.B. Pharmaceutical,S000069,4/10/2026,"Crape Bandage 4""10CM N-Sons",133,,30051010,67.5,19.05,48,914.4
S.S.B. Pharmaceutical,S000069,4/10/2026,Suction Catheter 12G,G25F010658,30-May,90200000,92,11.43,5,57.15
S.S.B. Pharmaceutical,S000069,4/10/2026,Feedy 6FR,G25B010948,30-Jan,90192090,60,11.43,3,34.29
S.S.B. Pharmaceutical,S000069,4/10/2026,Nebulizer Mask Child Romson,G25K040,30-Oct,30041020,584,52.38,1,52.38
S.S.B. Pharmaceutical,S000069,4/10/2026,Nebulizar Mask Adult Romson,G25I040276,30-Aug,90183210,584,52.38,1,52.38
S.S.B. Pharmaceutical,S000069,4/10/2026,Romolene 14FG,G23J010824,28-Sep,90192090,72.19,15.24,5,76.2
S.S.B. Pharmaceutical,S000069,4/10/2026,IV Set Romsons,G25L020046,30-Nov,30049086,201,10.48,25,262
S.S.B. Pharmaceutical,S000069,4/10/2026,Gamjee Roll 10*3 (ETO),CR73,,30059090,0,47.62,5,238.1
S.S.B. Pharmaceutical,S000069,4/10/2026,"Micropore 2""9Meter Surgical",R12240548,29-Nov,30051090,253,71.43,19,1357.17
S.S.B. Pharmaceutical,S000069,4/10/2026,"Micropore 2""9Meter Surgical",R06240549,29-May,30051090,230.63,71.43,5,357.15
S.S.B. Pharmaceutical,S000069,4/10/2026,"Micropore 3"" *9MTR 3M",R12250501,30-Nov,30051010,379.5,107.14,4,428.56
S.S.B. Pharmaceutical,S000069,4/10/2026,Pedia Drip Set Romson,G25L02049,30-Nov,90192090,311,52.38,10,523.8
S.S.B. Pharmaceutical,S000069,4/10/2026,Klik Clamp Romsons,G25H040059,30-Jun,3004,42,6.67,5,33.35
S.S.B. Pharmaceutical,S000069,4/10/2026,Urobag Romsons,G25L050020,30-Nov,90211000,361,29.05,10,290.5
S.S.B. Pharmaceutical,S000069,4/10/2026,Adult Diaper (Kare.Med) M,93032,,9619,121.88,26.67,20,533.4
S.S.B. Pharmaceutical,S000069,4/10/2026,Adult Dyper (Kare.Med) L,PRIMARY,,9619,126.56,26.67,20,533.4
S.S.B. Pharmaceutical,S000069,4/10/2026,Glider Underpad (10),240930T40V,,30041090,1406.25,195.24,4,780.96
S.S.B. Pharmaceutical,S000069,4/10/2026,Cotton Net Bengal 400G,166,,30042011,223,128.57,19,2442.83
S.S.B. Pharmaceutical,S000069,4/10/2026,Xone 1G Inj,25181037,28-Oct,30041020,66.64,25.71,25,642.75
S.S.B. Pharmaceutical,S000069,4/10/2026,Pipzo 4.5 GM Injection (Vial),26440020,27-Dec,30041020,326.22,95.24,16,1523.84
S.S.B. Pharmaceutical,S000069,4/10/2026,Savlon 500ML,SAL26007,28-Dec,30041020,210,166.67,5,833.35
S.S.B. Pharmaceutical,S000197,4/23/2026,NS 1000ML (MKA),P2604L047,28-Feb,30049099,61.17,30.48,36,1097.28
S.S.B. Pharmaceutical,S000197,4/23/2026,NS 500ML (Care Medical),NSFA25303,27-Oct,30041050,39.05,16.67,50,833.5
S.S.B. Pharmaceutical,S000197,4/23/2026,D5 500ML Care Medical,D5F25070,27-Oct,30041050,42.55,17.14,5,85.7
S.S.B. Pharmaceutical,S000197,4/23/2026,D25% 100ML (INFU),5AD340015,26-Oct,30049099,22.4,14.29,5,71.45
S.S.B. Pharmaceutical,S000197,4/23/2026,Rantac Inj 2ML,XIR225024,27-Jun,3004,7.48,4.29,10,42.9
S.S.B. Pharmaceutical,S000197,4/23/2026,Anawin Heavy,KP17136909,27-Nov,30039034,31.47,24.76,15,371.4
S.S.B. Pharmaceutical,S000197,4/23/2026,Pyrigesic 1000 Tab,P15010,28-Jan,300490,40.31,30.72,5,153.6
S.S.B. Pharmaceutical,S000197,4/23/2026,P 650 Tab,PST26026,29-Jan,30049087,21.42,16.32,5,81.6
S.S.B. Pharmaceutical,S000197,4/23/2026,Aciloc 300MG Tab,L026005,28-Jun,300490,61.6,46.93,5,234.65
S.S.B. Pharmaceutical,S000197,4/23/2026,Mistol-200-Tab (MDL),BGW01AAA,26-Dec,30042019,79.5,17.14,4,68.56
S.S.B. Pharmaceutical,S000197,4/23/2026,Pause Ing 5ML,ELF8AT4013,27-Aug,30043110,71.97,47.62,5,238.1
S.S.B. Pharmaceutical,S000197,4/23/2026,Klotin Inj 5ML,V627120,26-Nov,3004,71.9,33.33,5,166.65
S.S.B. Pharmaceutical,S000197,4/23/2026,Anawin 0.5%,SM107267,28-Sep,30039034,93.9,73,5,365
S.S.B. Pharmaceutical,S000197,4/23/2026,Lasix Amp 4ML Inj,2125179,28-Aug,30049099,12.76,10.21,10,102.1
S.S.B. Pharmaceutical,S000197,4/23/2026,Pan IV Inj,26770017,28-Jan,30042033,53.9,41.07,10,410.7
S.S.B. Pharmaceutical,S000197,4/23/2026,3336 TFP/76 CM,C250626,30-Sep,30041050,277,49.52,15,742.8
S.S.B. Pharmaceutical,S000197,4/23/2026,AM 3328 3/0 Monofilament,DPA250908,30-Aug,9018,245,42.86,15,642.9
S.S.B. Pharmaceutical,S000197,4/23/2026,4241 Progut Atraumatic 2/0,24S2160,28-Sep,90183990,186.56,57.14,15,857.1
S.S.B. Pharmaceutical,S000197,4/23/2026,4237 Progut Atraumatic 3/0,24S216,29-Jul,30041020,186.56,57.14,15,857.1
S.S.B. Pharmaceutical,S000197,4/23/2026,AM 2518 Aqsolve 90CMS (0),PL250125,29-Dec,90183990,721,125.71,15,1885.65
S.S.B. Pharmaceutical,S000197,4/23/2026,AM 2437 Aqsolve 3/0,DPL250947,30-Aug,90183990,552,109.52,10,1095.2
S.S.B. Pharmaceutical,S000197,4/23/2026,843/70CM PCS,250089,Feb-30,30049095,448.13,142.86,15,2142.9
S.S.B. Pharmaceutical,S000197,4/23/2026,TS 2305,22S2145,27-Sep,30041050,442,152.38,7,1066.66
S.S.B. Pharmaceutical,S000197,4/23/2026,2180 Petcryl-1 D/N 180,24S0073,28-Dec,90183990,906,133.33,9,1199.97
M.R. Pharmaceutical,MR000994,10/08/2026,Ondem 2ML (Ondansetron INJ),SGON026044,1/28,30049035,12.73,5.4,10,54.0
M.R. Pharmaceutical,MR000994,10/08/2026,Rantac 2ML INJ (Ranitidine),XIR225038,9/27,300420,7.48,5.8,5,29.0
M.R. Pharmaceutical,MR000994,10/08/2026,Monocef 1GM INJ (Ceftriaxone),BPD260873,9/28,300420,67.05,27.71,10,277.1
M.R. Pharmaceutical,MR000994,10/08/2026,Justin AQ INJ (Diclofenac AQ),BDW03AIB,3/28,30049069,23.8,5.17,10,51.7
M.R. Pharmaceutical,MR000994,10/08/2026,Neomol 400ML IV Bag (Paracetamol),T3s3L/609,1/28,30049069,591.5,35.0,10,350.0
B.P. Pharma,463,08/08/2026,Plain Sheet D301 (OT Draping),SD0426,03/31,3004,200.0,65.0,30,1950.0
B.P. Pharma,463,08/08/2026,Surgeon's Cap (per box),*****,06/30,3004,1500.0,156.0,2,312.0
B.P. Pharma,463,08/08/2026,Glycine 3000ML (KRPL),60029,06/28,GST12,704.06,128.0,12,1536.0
B.P. Pharma,463,08/08/2026,NS 3000ML (KRPL),61189,06/28,GST12,698.0,123.0,12,1476.0
B.P. Pharma,467,08/08/2026,Molysheet NARASHA (OT Sheet) — Batch 1,501000,03/28,961900,155.0,13.5,10,135.0
B.P. Pharma,467,08/08/2026,Molysheet NARASHA (OT Sheet) — Batch 2,1-2000,09/28,961900,155.0,13.5,20,270.0
B.P. Pharma,467,08/08/2026,Jelonet Tin (Paraffin Gauze),ARL0619,11/29,GST12,200.3,145.0,6,870.0
M.R. Pharmaceutical,MR001009,12/08/2026,Doxyvac 100MG (Doxycycline),D250920B,8/27,30042049,527.0,120.0,10,1200.0
M.R. Pharmaceutical,MR001009,12/08/2026,Alburel IV INJ 20% (Human Albumin),AD20G26040,4/29,30021290,⚠ FILL,4650.0,3,13950.0
B.P. Pharma,485,12/08/2026,Centro Trio AVRO (Drainage Device),10526C,10/28,9018,3255.0,782.0,1,782.0
B.P. Pharma,485,12/08/2026,Urometer RN (Urine Output Device),10847,11/30,9018,629.0,97.5,2,195.0
M.R. Pharmaceutical,MR001012,13/08/2026,Merosure 1GM (Meropenem INJ),26460272,1/28,30042099,978.66,195.0,10,1950.0
M.R. Pharmaceutical,MR001012,13/08/2026,Epicetam 5ML (Levetiracetam INJ),V667148,3/28,30049082,121.8,32.0,5,160.0
M.R. Pharmaceutical,MR000969,07/08/2026,Rantac 2ML INJ (Ranitidine),XIR225038,9/27,300420,7.48,5.8,10,58.0
M.R. Pharmaceutical,MR000969,07/08/2026,Klotin 5ML INJ (Clonazepam),V627173,10/27,30049099,73.1,30.0,10,300.0
M.R. Pharmaceutical,MR001032,14/08/2026,Merosure 1GM (Meropenem INJ),26460513,3/28,30042099,985.01,195.0,32,6240.0
M.R. Pharmaceutical,MR001036,17/08/2026,Merosure 1GM (Meropenem INJ),26460513,3/28,30042099,985.01,195.0,30,5850.0
M.R. Pharmaceutical,MR001036,17/08/2026,Epicetam 5ML (Levetiracetam INJ),V667148,3/28,30049082,121.8,32.0,5,160.0
M.R. Pharmaceutical,MR001036,17/08/2026,WIN-Windoxy INJ (Doxycycline 100MG),D0852604A,3/28,30049099,525.0,78.0,5,390.0
B.P. Pharma,493,17/08/2026,NS 3000ML (KRPL),,,,,698.00,123.00,4,492.00
B.P. Pharma,493,17/08/2026,Hydrogen Peroxide 45,,,,, 83.00,38.50,1,38.50
B.P. Pharma,493,17/08/2026,Spinocan-25,,,,,143.44,80.75,16,1331.25
B.P. Pharma,493,17/08/2026,Full Gown (NAERLZM),,,,,426.00,261.25,15,3918.75
B.P. Pharma,493,17/08/2026,Cloth Drape CD01,,,,,62.00,43.33,5,216.75
B.P. Pharma,493,17/08/2026,OT X-Ray Gauze,,,,,51.56,24.55,30,736.50
M.R. Pharmaceutical,MR001046,18/08/2026,Ondem 4ML (Ondansetron),,,,,25.45,10.00,20,200.00
M.R. Pharmaceutical,MR001046,18/08/2026,PAN IV 40MG (Pantoprazole IV),,,,,54.24,18.00,15,270.00
M.R. Pharmaceutical,MR001046,18/08/2026,Cetil 1.5 INJ (Cefuroxime),,,,,149.15,90.00,10,900.00
M.R. Pharmaceutical,MR001046,18/08/2026,Nllg-Mycin INJ (Gentamicin),,,,,9.84,5.87,40,234.80
M.R. Pharmaceutical,MR001046,18/08/2026,Neomol 100ML INJ (Paracetamol IV),,,,,591.50,35.00,20,700.00
B.P. Pharma,511,19/08/2026,Diathermy Pencil (RM),,,,,917.00,121.12,10,1211.20
B.P. Pharma,511,19/08/2026,Vaccu Suction Set (A),,,,,609.00,64.00,10,640.00
B.P. Pharma,511,19/08/2026,Roll Bandage 4" (LC),,,,,120.00,58.00,2,116.00
B.P. Pharma,511,19/08/2026,Roll Bandage 6" (LC),,,,,124.00,78.00,3,234.00
B.P. Pharma,511,19/08/2026,Urobag (ROND-10) Small,,,,,361.00,40.50,7,283.50
B.P. Pharma,511,19/08/2026,Urobag (ROND-10) Large,,,,,361.00,40.50,8,324.00
B.P. Pharma,511,19/08/2026,Camera Cover (D904),,,,,237.00,169.00,10,1690.00
B.P. Pharma,511,19/08/2026,Nasal Cannula (AIRWA),,,,,363.00,18.62,5,93.10
B.P. Pharma,511,19/08/2026,Genellium Pro (Pink 5),,,,,2750.00,810.00,1,810.00
B.P. Pharma,511,19/08/2026,Foley's Cath 3-Way 22,,,,,491.00,353.75,5,1768.75
B.P. Pharma,511,19/08/2026,Foley's Cath 3W-18 ND,,,,,460.00,353.75,5,1768.75
B.P. Pharma,511,19/08/2026,Foley Cath #24 3-Way,,,,,448.00,353.75,5,1768.75
B.P. Pharma,511,19/08/2026,Foley Cath 2-Way 16,,,,,191.00,131.45,5,657.25
B.P. Pharma,511,19/08/2026,Foley Cath 2-Way 20,,,,,174.00,131.45,5,657.25
B.P. Pharma,511,19/08/2026,Folly's Cath 22 2W B,,,,,163.13,131.45,5,657.25
B.P. Pharma,511,19/08/2026,Molysheet (VARASHA),,,,,155.00,13.50,30,405.00
B.P. Pharma,513,20/08/2026,RL 500ML Flat Cap,,,,,60.74,23.80,25,595.00
B.P. Pharma,513,20/08/2026,Weardn Disp Apron,,,,,672.00,186.50,1,186.50
B.P. Pharma,513,20/08/2026,Adult Diaper 10s,,,,,145.00,22.00,30,660.00
B.P. Pharma,513,20/08/2026,Surgicare 7.0,,,,,91.00,21.50,75,1612.50
B.P. Pharma,524,24/08/2026,Plain Sheet D301 (ME),,,,,200.00,65.00,30,1950.00
B.P. Pharma,524,24/08/2026,Soft Roll-6" (MEDIBRI) - 1,,,,,352.00,45.74,12,548.88
B.P. Pharma,524,24/08/2026,Soft Roll-6" (MEDIBRI) - 2,,,,,352.00,45.74,12,548.88
B.P. Pharma,524,24/08/2026,Betadine Scrub 300ML,,,,,1071.00,928.00,1,928.00
